ID,"Form Id","Form Title","Form Type",Country,State,Organization,Branch,"Branch Level",Before,During,After,"Created At"
145,bggxbjYa,"Final Global Pattern Survey (Multiple Extra Questions)",Global,,,Krizmatic,"Main Branch","Main Branch","01-06-2025 to 14-06-2025","15-06-2025 to 21-06-2025","22-06-2025 to 30-06-2025","2025-06-08 06:11:01"
144,xrCVNDYc,"Final Country Pattern Survey (Multiple Extra Questions)",Single,Nepal,2870,Krizmatic,Oceania,Branch,"01-06-2025 to 14-06-2025","15-06-2025 to 21-06-2025","22-06-2025 to 30-06-2025","2025-06-08 06:09:58"
141,Cq7xBqiz,"Global Survey Template",Global,,,"Institute for Economics & Peace","Main Branch","Main Branch","01-06-2025 to 14-06-2025","15-06-2025 to 28-06-2025","29-06-2025 to 30-06-2025","2025-06-04 03:20:44"
140,aSwTAWyF,"Country Pattern Survey",Single,Australia,207,"Institute for Economics & Peace","Main Branch","Main Branch","01-06-2025 to 07-06-2025","08-06-2025 to 21-06-2025","22-06-2025 to 30-06-2025","2025-06-04 03:12:03"
139,WWySQ0lD,"Final Global Survey",Global,,,Krizmatic,"China Branch",Branch,"01-06-2025 to 14-06-2025","15-06-2025 to 28-06-2025","29-06-2025 to 30-06-2025","2025-06-03 11:37:37"
138,UfEQVgge,"Final Country Survey",Single,Nepal,2872,Krizmatic,"Brazil Branch",Branch,"01-06-2025 to 14-06-2025","15-06-2025 to 21-06-2025","22-06-2025 to 30-06-2025","2025-06-03 11:36:19"
135,wLqSVeHU,"PP Survey - Nepal Test Krizmatic (testing)(Without Name) (Version 3.0 Global Testing2 )",Global,,,Krizmatic,Oceania,Branch,"01-06-2025 to 14-06-2025","15-06-2025 to 21-06-2025","22-06-2025 to 30-06-2025","2025-06-02 12:05:00"
134,H454fdYr,"PP Survey - Nepal Test Krizmatic (testing)(Without Name) (Version 3.0 Single CountryTesting2 )",Single,Australia,206,Krizmatic,"Brazil Branch",Branch,"01-06-2025 to 07-06-2025","08-06-2025 to 21-06-2025","22-06-2025 to 30-06-2025","2025-06-02 11:55:29"
133,Ew5POM2d,"PP Survey - Nepal Test Krizmatic (testing)(Without Name) (Version 3.0 Global Testing)",Global,,,Krizmatic,"China Branch",Branch,"01-06-2025 to 07-06-2025","08-06-2025 to 21-06-2025","22-06-2025 to 30-06-2025","2025-06-02 11:33:51"
107,hNNwySc9,"PP Survey - Nepal Test Krizmatic (testing)(Without Name) (Version 3.0 Single Country Testing)",Single,Nepal,2870,Krizmatic,"Brazil Branch",Branch,"01-06-2025 to 07-06-2025","08-06-2025 to 21-06-2025","22-06-2025 to 30-06-2025","2025-06-02 10:10:31"
106,QW6dZzfA,"Community Peace Perceptions Survey - IEP",Global,,,"Institute for Economics & Peace","Main Branch","Main Branch","01-06-2025 to 07-06-2025","08-06-2025 to 21-06-2025","22-06-2025 to 30-06-2025","2025-06-01 12:18:40"
97,DFg9dOym,"PP Survey - Nepal Test Krizmatic (Only Country Version 2.0 Final Test)",Single,Nepal,,Krizmatic,"Main Branch","Main Branch","01-05-2025 to 10-05-2025","11-05-2025 to 17-05-2025","18-05-2025 to 31-05-2025","2025-05-18 08:20:45"
87,CkFhNOFC,"PP Survey - Nepal Test Krizmatic (Both Countries and States Field with New Country Data)",Single,Austria,,Krizmatic,"Main Branch","Main Branch","01-05-2025 to 10-05-2025","11-05-2025 to 17-05-2025","18-05-2025 to 31-05-2025","2025-05-18 07:45:58"
86,top6Ghv0,"PP Survey - Nepal Test Krizmatic (Only Countries Field with New Country Data)",Single,Nepal,,Krizmatic,Europe,Branch,"01-05-2025 to 10-05-2025","11-05-2025 to 17-05-2025","18-05-2025 to 31-05-2025","2025-05-18 07:19:24"
85,G95oJYy6,"PP Survey - Nepal Test Krizmatic (Testing From Version 2.0 Only Country)",Single,Nepal,,Krizmatic,"China Branch",Branch,"01-05-2025 to 10-05-2025","11-05-2025 to 17-05-2025","18-05-2025 to 31-05-2025","2025-05-13 09:17:54"
84,gb2toHk2,"PP Survey - Nepal Test Krizmatic (Testing From Version 2.0 Both Country and State)",Single,Nepal,,Krizmatic,"China Branch",Branch,"01-05-2025 to 10-05-2025","11-05-2025 to 24-05-2025","18-05-2025 to 31-05-2025","2025-05-13 09:16:46"
42,HdULwfVZ,"PP Survey - Nepal Test Krizmatic (testing)(Without Name)",Single,Nepal,,Krizmatic,Oceania,Branch,"01-04-2025 to 05-04-2025","06-04-2025 to 19-04-2025","20-04-2025 to 30-04-2025","2025-04-24 02:54:13"
41,WvlgTipL,"PP Survey - Australia Test Krizmatic",Single,Australia,,Krizmatic,Oceania,Branch,"01-04-2025 to 05-04-2025","06-04-2025 to 19-04-2025","20-04-2025 to 30-04-2025","2025-04-24 02:43:50"
32,lWyY08bN,"PP Survey | Kenya | TCF",Single,Kenya,,"The Charitable Foundation","Main Branch","Main Branch","14-04-2025 to 31-05-2025",,,"2025-04-14 02:56:46"
31,Oc3oJSuU,"PP Survey | South Sudan | TCF",Single,Sudan,,"The Charitable Foundation","Main Branch","Main Branch","14-04-2025 to 31-05-2025",,,"2025-04-13 23:26:23"
30,R1S47nl1,"PP Survey - Mexico Test 3",Single,Mexico,,"Institute for Economics & Peace","North America",Branch,"11-04-2025 to 13-04-2025",,,"2025-04-10 22:03:24"
27,zA7q38pK,"PP Survey - US Test",Single,"United States",,"Institute for Economics & Peace",Asia-Pacific,Branch,"01-04-2025 to 12-04-2025","13-04-2025 to 26-04-2025","27-04-2025 to 30-04-2025","2025-04-03 02:51:09"
26,HSm8Hn55,"PP Survey - Mexico Test 2",Single,Mexico,,"Institute for Economics & Peace","North America",Branch,"01-04-2025 to 05-04-2025",,,"2025-03-31 21:35:28"
25,C2x9h6E6,"PP Survey - Germany - IEP",Single,Germany,,"Institute for Economics & Peace","Europe & MENA",Branch,"01-03-2025 to 08-03-2025","09-03-2025 to 22-03-2025","16-03-2025 to 31-03-2025","2025-03-31 09:44:52"
23,aG4lCMeJ,"Positive Peace Survey 2024 Nepal",Single,"Åland Islands",,Krizmatic,"Main Branch","Main Branch","01-03-2025 to 08-03-2025","09-03-2025 to 22-03-2025",,"2025-03-31 07:44:54"
22,rZw3S1fZ,"PP Survey - Australia Test",Single,Australia,,"Institute for Economics & Peace",Asia-Pacific,Branch,"09-03-2025 to 15-03-2025","23-03-2025 to 29-03-2025","30-03-2025 to 05-04-2025","2025-03-31 04:03:19"
13,q96ah89t,"PP Survey - France 2 Test",Single,France,,"World Vision","Main Branch","Main Branch","24-03-2025 to 25-03-2025","26-03-2025 to 27-03-2025","28-03-2025 to 31-03-2025","2025-03-25 01:26:05"
10,PkuxGEnn,"PP Survey - Mexico Test",Single,Mexico,,"Institute for Economics & Peace","Latin America",Branch,"23-03-2025 to 24-03-2025","25-03-2025 to 26-03-2025",,"2025-03-23 23:44:02"
9,REXOosjA,"PP Survey - France Test",Single,France,,"Institute for Economics & Peace","Europe & MENA",Branch,"19-03-2025 to 21-03-2025","22-03-2025 to 24-03-2025","25-03-2025 to 27-03-2025","2025-03-23 10:11:14"
6,BLR94fYk,"PP Survey - Cambodia Test",Single,Cambodia,,"Institute for Economics & Peace",Asia-Pacific,Branch,"23-03-2025 to 24-03-2025","25-03-2025 to 26-03-2025","01-04-2025 to 04-04-2025","2025-03-20 11:26:30"
4,TfCX3x4c,"PP Survey - Kenya Test",Single,Kenya,,"Institute for Economics & Peace",Africa,Branch,"01-01-2025 to 31-01-2025",,,"2025-03-20 10:16:06"
2,H4xnqMxy,"Positive Peace Survey 2024 Malawi",Single,Malawi,,"Institute for Economics & Peace",Africa,Branch,"01-01-2025 to 31-01-2025",,,"2025-03-20 10:04:02"
